protocol	species	seed	space	metric	value	n	mean	std	variance
fgraminearum_newlabel	fgraminearum	1029	bio_input	centroid_distance	2.6864843368530273	1	2.6864843368530273	0.0	0.0
fgraminearum_newlabel	fgraminearum	1029	bio_input	silhouette_score	0.1295320838689804	1	0.1295320838689804	0.0	0.0
fgraminearum_newlabel	fgraminearum	1029	bio_input	davies_bouldin_index	6.007790224993793	1	6.007790224993793	0.0	0.0
fgraminearum_newlabel	fgraminearum	1029	bio_esm2_input	centroid_distance	13.08339786529541	1	13.08339786529541	0.0	0.0
fgraminearum_newlabel	fgraminearum	1029	bio_esm2_input	silhouette_score	0.009185663424432278	1	0.009185663424432278	0.0	0.0
fgraminearum_newlabel	fgraminearum	1029	bio_esm2_input	davies_bouldin_index	5.592016398438006	1	5.592016398438006	0.0	0.0
fgraminearum_newlabel	fgraminearum	1029	bio_hidden	centroid_distance	3.428318500518799	1	3.428318500518799	0.0	0.0
fgraminearum_newlabel	fgraminearum	1029	bio_hidden	silhouette_score	-0.09334962069988251	1	-0.09334962069988251	0.0	0.0
fgraminearum_newlabel	fgraminearum	1029	bio_hidden	davies_bouldin_index	2.9652416081945683	1	2.9652416081945683	0.0	0.0
fgraminearum_newlabel	fgraminearum	1029	bio_esm2_hidden	centroid_distance	23.47597885131836	1	23.47597885131836	0.0	0.0
fgraminearum_newlabel	fgraminearum	1029	bio_esm2_hidden	silhouette_score	-0.16643142700195312	1	-0.16643142700195312	0.0	0.0
fgraminearum_newlabel	fgraminearum	1029	bio_esm2_hidden	davies_bouldin_index	2.1493990199101036	1	2.1493990199101036	0.0	0.0
